hamed wari,hausa
sylvester ejike okoye,igbo
oaksprings,hausa
fox oxymoron,yoruba
nishagold,yoruba
chimezerem,igbo
din,hausa
iloghalu ezeobi,igbo
free mind,hausa
nigerianunity,yoruba
alhaji musa,hausa
bekks,hausa
eagle eyes,yoruba
blingz,hausa
vall ngwafang,hausa
toughie man,hausa
ogechi,igbo
dikanah,hausa
evergreen,hausa
nivis emman,igbo
bafon,hausa
islamisevil,hausa
successman,hausa
southandmiddlebeltunity,yoruba
olaoluwa ,yoruba
antibiafracampaigngroupawka,yoruba
o'odua republic,yoruba
atilola sparrows imiga augusti,hausa
fula,hausa
gregory,igbo
partafamilias trippi,yoruba
williams nwadiugwu,igbo
john mark,hausa
ola dorry abiola,yoruba
gandymoore,yoruba
wisdomojie,yoruba
frank uwagbor,yoruba
martins lomba,hausa
axioms manager,hausa
ighomoigbi,yoruba
olowoyojoel,yoruba
haykins,yoruba
tope alabi r,hausa
mystic mallam,hausa
tolu,yoruba
tunslo,hausa
nigerpeople,yoruba
geomantis,hausa
jungle cat,hausa
prophet,hausa
udom,hausa
senator bassey,yoruba
lanre oke,igbo
lingua,hausa
soso,yoruba
david god's heart,igbo
al d.,hausa
agunwa uche,igbo
aaron frost,yoruba
fidelis ifeanyi nwabuokei,igbo
peace forall,hausa
"tyo, lagos",yoruba
usman yusuf,hausa
leogerald,hausa
folami,yoruba
tical,hausa
ernesto,hausa
elwayis,hausa
ajantala,hausa
egbe mbube,igbo
challeng,hausa
agba sekele,yoruba
julius joel,igbo
musa,hausa
voice of one,igbo
john differentiated,igbo
ik,hausa
uche christian,igbo
kabiru suleman,hausa
sincerevoice,yoruba
emc,hausa
talkall,hausa
ekundayo adeniran,yoruba
hajaradauphin,hausa
hadiza yusuf,hausa
con,hausa
philip ereghgbemhen,igbo
mtn nigeria,hausa
prosper great,yoruba
kamsi ezego,igbo
richard obogoadjera,igbo
speakaloud,hausa
youthrevolution,yoruba
middle belt republic,hausa
nationale,hausa
bertram,hausa
dilandatu,hausa
nwa biafra,hausa
kex,hausa
igborized germanmade,yoruba
tejiri,hausa
owoblow,yoruba
jideofor,igbo
junior opoke uchenna,igbo
max jon,hausa
fred anomee,hausa
enwelum hananayah,igbo
iko mmiri,hausa
talk nigeria,hausa
abo,hausa
universaljustice,yoruba
posi ologbenla,yoruba
osazee omoruyi,yoruba
solomon,yoruba
frankco ,hausa
owere,yoruba
kolapo,yoruba
abang inyang,hausa
nv danmola,yoruba
alex writea,yoruba
clinton loveth,igbo
aly masokano,hausa
sanity,hausa
anthony okonkwo,igbo
victor ntekim,igbo
amaogu okwara,hausa
whentong,igbo
accobrand coporation,yoruba
dewise,yoruba
david god's heart,igbo
chriscanada,igbo
dr.olawale olanrewaju,yoruba
jonath,hausa
danigboland,yoruba
olukoyajohnson,yoruba
kazkaz,hausa
paul m emuekpere jnr mc paul,igbo
abubakar audu,hausa
doris briska,igbo
bela,hausa
idris,hausa
tanimola,yoruba
thuba dube,hausa
columbus. j. e,yoruba
fregene godwin,igbo
charles frederick,igbo
buharistinks,hausa
anewchris,igbo
arinze ezeani,igbo
esheyahoo.com,hausa
miebi tunyei ondotimi,yoruba
nelia alex,hausa
nigerdelta commander,hausa
bush jenkins,yoruba
tashawine,hausa
earlybird,hausa
edumainmanstuttsgat,hausa
danielsosasokuns,yoruba
anthony c g emeghara,igbo
taiwo taiwo,yoruba
bestman iro,hausa
deacon otu ekpenyong,igbo
geewhiz,hausa
victor jonah,igbo
pene perez,igbo
eikson,yoruba
rowell palmer,hausa
stevo,hausa
luqman kolawole,yoruba
cypost,yoruba
aoxb,hausa
morenikejifadipe fadipe,yoruba
crmnigeria,hausa
available auction goods,hausa
achitech communication,igbo
cadre,hausa
jackson jay,yoruba
islaam,hausa
ogeyi brass,hausa
rasheed ogunbunmi,yoruba
oluwambo,yoruba
bola olasupo,yoruba
guest,hausa
chris osborne,igbo
abel azubuike,igbo
tochukwu obeleagumadu,igbo
mosttalentedman,yoruba
deepak patel,yoruba
socrates,hausa
anderson morgan,yoruba
chidi,igbo
bitacrim,hausa
madscientist,igbo
wirelesssignal,yoruba
oluranti olabode,yoruba
william,hausa
aby love,hausa
deanegullivers,hausa
ensure,yoruba
fom lantang,hausa
peter toch,igbo
obert kingsley,yoruba
ilokings,yoruba
sweetcontradict,hausa
bona,hausa
cypost,yoruba
olorunmaiye akin,yoruba
aussiemigrant,hausa
ajaks,hausa
ahmadu w. atakpo,hausa
bilanto,hausa
angelic flames ,igbo
njonny,igbo
manny,hausa
adebayo adekunle,yoruba
ogbeyemi olaoluwa,yoruba
osamwonyi,yoruba
sunshine,yoruba
cssf envq,hausa
larryboysa,hausa
davido,hausa
herp derp,hausa
friskygood,yoruba
amadasun clara,hausa
thezone,igbo
correctness,igbo
jackson igbo,yoruba
wise one,igbo
quantizeddude,hausa
chuka,igbo
paul rapheal,hausa
the dawn,hausa
richy amechi fidel,igbo
tozilla,hausa
saint cross,hausa
chinedu agu,igbo
fred anomee,hausa
ferra realman,hausa
ortodoxa,yoruba
black black,hausa
mare,hausa
abedo sk,hausa
com. safety,hausa
olufemi koya,yoruba
colnbri,yoruba
the truth unbiased,yoruba
ogugua,hausa
otunba okrokene,igbo
moto kilo,yoruba
sylvok,hausa
jacob babajide,hausa
anyanwu emmanuel,igbo
ihedi umezurike,igbo
salisurabeh,hausa
abeeb ayobami tinnylinne,yoruba
isaac boro,hausa
biodun,yoruba
anusa peter ogar,hausa
kellyoguns,yoruba
ibraheem rasaq,hausa
john nwankwo,igbo
oty,hausa
sam yerima,hausa
engr c.m u,hausa
kuli,hausa
vivalade,yoruba
posterity,yoruba
gugua,hausa
ikechukwu okeke,igbo
bdperez,yoruba
timothy aremu,yoruba
iis,hausa
eckotech,igbo
lawrence onyemaechi,igbo
aminu,hausa
global finance,yoruba
alphonsus onwuasoeze,igbo
iconvalley nkem,igbo
mohammed,hausa
jangirova,hausa
winifred umerah,yoruba
ukpono,yoruba
anusa peter ogar,hausa
darrell barber,hausa
uche tobias,igbo
dimien edonkumoh daniel,igbo
abidata,hausa
onenaija,hausa
nigeriamail,hausa
bnanzip,hausa
isyaku muhammad,hausa
victor essiet,igbo
amaka nwoko rowland,igbo
eneboy,hausa
william adejuyigbe adetona,yoruba
adekunle daoud balogun,yoruba
tayo oloba,yoruba
ilya zeldin,hausa
poseidon,yoruba
emem umoetuk,igbo
the dawn,hausa
my kehind,igbo
ziggy,hausa
ikyor,yoruba
bablow,hausa
afolabi oladimeji,yoruba
klasj,hausa
oliseneku okpo,igbo
bright,hausa
tomorrowpeople,yoruba
muhd buhari,hausa
chukwuma nmesirionye,igbo
alu,hausa
john dre,hausa
linda cooper,igbo
blastpot,yoruba
loveontopover,yoruba
dawari,hausa
olatunde hussein,yoruba
michael rogers,igbo
lahz amechi,igbo
aiken,igbo
plusone,yoruba
mikeal darly,igbo
zone,hausa
adewale akin,yoruba
gregos winston,yoruba
cajaegbu,yoruba
stephen okocha,igbo
olugbenga ebenezer,yoruba
ziggy,hausa
sheriff mukhtar ajit,hausa
taiwo babalola,yoruba
femfem,igbo
chimamanda uche,igbo
lawrence onyemaechi,igbo
girlfromnaija,hausa
joneraphusgmail.com,hausa
phdport harcourt diploma,igbo
ayodeji ayeni,yoruba
charles bennedith,igbo
ibikunle exquisite oluwafemi,yoruba
ijawman,hausa
ibijoke owolabi,yoruba
okpi,hausa
the great teacher,igbo
el hadj ly,hausa
e ,hausa
tiger autos,hausa
xto,hausa
myths,hausa
onyeokwe,igbo
jika,hausa
keen observer,yoruba
nnanna,igbo
john baross,hausa
benz,hausa
josephameh,hausa
mexx,hausa
ade  joe,yoruba
dr. olusegun oluwole,yoruba
igbigbisie emmanuel ogheneochu,igbo
iniobong pius akpan,yoruba
eberechi jinanwa,igbo
david moskowitz,yoruba
btone,hausa
saburi olusesi,yoruba
truth is bitter,hausa
dada na umunze,igbo
israel,hausa
gbemisola cole,yoruba
easy,hausa
sphelo zini,igbo
tunde ,hausa
gbogon,yoruba
john okoh,igbo
james martinez,hausa
soni,yoruba
okpara,hausa
cliffordaussie,igbo
izuchukwu clement,igbo
intelligentia,igbo
domnze,hausa
adekunle aliu,yoruba
oz,hausa
yahuza ibrahim,hausa
belinda wilson,igbo
acting citizen of nigeria,igbo
gideon goldmann,igbo
ime akpabio,igbo
excellence glory,igbo
lanre adeboye,yoruba
taslem tiger,hausa
guess what,hausa
jakadiya,hausa
emmaficool,igbo
cashonlineschoool.com,yoruba
allanharry,hausa
victor elijah ishaku,hausa
eao,hausa
aleen,hausa
emmy,hausa
naphade,hausa
lashley oladigbolu,yoruba
kenneth onyebuchi,igbo
said mohammed,hausa
joseph akinyemi agunbiade,yoruba
mikey afolabi,yoruba
destiny  whyte,yoruba
odisu terry andrews,igbo
war material,hausa
murphy morgan,hausa
morethanconqueror,yoruba
galowey,hausa
jay japh,yoruba
samuel orbiam,igbo
assure educational services,igbo
mentor,igbo
cross sword,yoruba
idemudia theophilus,igbo
bode,yoruba
edward crown,hausa
ogbeide benjamin,yoruba
ibraheem rasaq,hausa
cute poison,yoruba
princepaulchinedudim,igbo
midell,hausa
offia samuel,hausa
btone,hausa
wale akinro,yoruba
duke ochukenyi,igbo
ifeanyi chukwujekwu,igbo
boniface nnajiofor,igbo
sofia williams,hausa
david woelke,hausa
adelaja osunsami,yoruba
emmanuel peter,igbo
meri,hausa
abate dokpu,hausa
paschal unujimem,igbo
dele ajayi,yoruba
alkeyz ironsi,hausa
adewale aloko,yoruba
khadi,hausa
prudence,hausa
tiwa adebayo,yoruba
naijacaesar,hausa
richard wiles,hausa
grelia o,igbo
justincase,yoruba
fatai,hausa
victor leke olaleye,yoruba
zito,hausa
dele martins,hausa
naphade,hausa
focus,hausa
chuma ngini,igbo
baba jay,hausa
m. tijjani,hausa
abiodun lawrence,yoruba
dario mino,hausa
olugbenga oluboye,yoruba
kammykazee,hausa
john femioly,yoruba
tritcall,hausa
anthony nweke,igbo
nuruzak,hausa
chris norton,igbo
larry o basford,hausa
stormrider,yoruba
folabi akin,yoruba
zung,hausa
sanusi,hausa
nd.pikin,yoruba
enyi enyi,igbo
jacintaokorie,igbo
deanegullivers,hausa
horsepower,yoruba
ben marley,hausa
osobukola adewale,yoruba
mykeakpan dominic,igbo
obinnna,igbo
otunba adewale elijah ogunleye,yoruba
denis youngskipperime atakpa,yoruba
stephen afambu ebuka emenike,igbo
victor jatau,hausa
omohsa,hausa
akinola adetayo,yoruba
racle,hausa
ephod,yoruba
abu johnson,igbo
onyeokwe,igbo
buchi lucci ezeokeke,igbo
dapo ikantu,hausa
christianmichael ngwuta,igbo
folu,yoruba
josvinco,yoruba
ogedengbe,yoruba
william adejuyigbe adetona,yoruba
chanticleer hegemony,igbo
ngozi amara,hausa
guest,hausa
cellina,hausa
salmanu gwarzo,hausa
abdul,hausa
aminu baba,hausa
bobby t,hausa
r matthews,hausa
mamman bako,hausa
john,hausa
jumpingbrook,yoruba
patricia utuetu,hausa
udeagbala,yoruba
kulikuli,igbo
niko,hausa
oloyede opeyemi,yoruba
ezekiel. j.,igbo
august january,hausa
nuorah,hausa
marcos avelino,hausa
izeze bundo,igbo
usman,hausa
jones isaiah,hausa
oloyede opeyemi,yoruba
father jay,hausa
qaulul haqq,hausa
bitacrim,hausa
abubakar siraju,hausa
cellina,hausa
kareem raji,hausa
sikiru salawudeen,hausa
yusuf auwal,hausa
ato  hentop,igbo
charles frederick,igbo
itse wilkie,hausa
oloyede opeyemi,yoruba
infobcn wisdom,yoruba
ola,yoruba
lucky,hausa
salele,hausa
coker malik,hausa
chris,igbo
jae pete,hausa
true talk,hausa
nnamdi nwachuku,igbo
isyaku muhammad,hausa
robin hood,yoruba
kinsly,yoruba
mamahannatu,hausa
john john,igbo
isyaku muhammad,hausa
aminu baba,hausa
dan,hausa
fineboy,hausa
jimrau,hausa
onyedikachi oguaghamba,igbo
ahmad,hausa
aminu baba,hausa
degeneral,hausa
onyedikachi oguaghamba,igbo
john,hausa
itse wilkie,hausa
darlington,hausa
umar mustapha,hausa
mo',hausa
isa ozo naija,hausa
daniel a istifanus,igbo
femi,yoruba
akindeanthony,yoruba
nazif,hausa
bemme kaunda,igbo
jameel bature,hausa
abu jihad,hausa
the voice of the masses,igbo
auwalu umar ibrahim,hausa
tahir bunuhamza,hausa
sunytime,yoruba
mukaro,hausa
jonathan atsua ikughur,hausa
infobcn wisdom,yoruba
introspectiveprognosis,yoruba
clever gideon,yoruba
mohammed dauda,hausa
siroscie,hausa
kulikuli,igbo
john c,hausa
cryfornigeria,hausa
netanyahu,hausa
isyaku muhammad,hausa
mohammed sani,hausa
muhammad kabir,hausa
kaycee,hausa
jimrau,hausa
oloyede opeyemi,yoruba
ahmed isah,hausa
idorenyinudokang,yoruba
jerome kolade olowoyeye,yoruba
albert,hausa
fineboy,hausa
femi ayodele,yoruba
vboy,hausa
aagachi,igbo
benny agafa,igbo
iskacountryman,hausa
nwaizu ikechukwu bruno,igbo
fagarjaji,hausa
john dee,hausa
chiamaka,igbo
fineboy,hausa
seye tiamiyu,yoruba
kaycee,hausa
lucky,hausa
justin okonedo,igbo
manager,hausa
yusuf auwal,hausa
sagir adamu,hausa
maryam abbas bichi,hausa
isa ozo naija,hausa
abu jihad,hausa
kola koleola,yoruba
ahmed tukur,hausa
maryam abbas bichi,hausa
northeast,igbo
musa aliyu,hausa
mp joint chief,igbo
clever gideon,yoruba
a.a.ngalos,hausa
kevaj,hausa
mahmoud t bichi,hausa
belluchii belluchii,igbo
muhammad lawan,hausa
femi ayodele,yoruba
yours sincerely,yoruba
patriot,yoruba
david emoche,igbo
iyasere ikem donald,igbo
jae pete,hausa
udeagbala,yoruba
olajide ogunlabi,yoruba
musa muhammad,hausa
patriot,yoruba
simon,hausa
adele adeniji,yoruba
shahokaya,hausa
adenekan samson adeniyi,yoruba
udeme udofia,igbo
aminu baba,hausa
hah,hausa
emmanuel maduagwu,igbo
salmanu gwarzo,hausa
adeniyi adetunji,yoruba
dan arewa,hausa
the optimist,hausa
maigari,hausa
tk,hausa
atinuke abdulsalami,hausa
chukwuma nwite,igbo
cheta,igbo
onwuli kingdom,igbo
niko,hausa
mahmoud t bichi,hausa
sunytime,yoruba
patriot,yoruba
jimrau,hausa
blueeyedkitten,yoruba
prince,hausa
a.a.ngalos,hausa
abba nuhu yakub rijiyarlemo,hausa
atinuke abdulsalami,hausa
onwuli kingdom,igbo
idris musa,hausa
mp joint chief,igbo
ayo ojuawo,yoruba
emmanuel maduagwu,igbo
lulu,hausa
emmanuel maduagwu,igbo
challeng,hausa
femi,yoruba
es,hausa
kinsly,yoruba
mark okocha,igbo
adele adeniji,yoruba
dan,hausa
coker malik,hausa
bitacrim,hausa
peaceometer,igbo
edmund harold,yoruba
adeniyi adetunji,yoruba
papred,yoruba
datti,hausa
onyedikachi oguaghamba,igbo
vic,hausa
adeola,yoruba
tahir,hausa
benny agafa,igbo
pascal,hausa
john john,igbo
onwuli kingdom,igbo
isyaku muhammad,hausa
peaceometer,igbo
yusuf auwal,hausa
saifullahi s shehu,hausa
wazobiaman,igbo
bib,hausa
coker malik,hausa
pascal,hausa
udeagbala,yoruba
innocent,igbo
musa muhammad,hausa
kaycee,hausa
pascal,hausa
nura sabo anku,hausa
yunusa kadiri,hausa
abdussalami yaro,hausa
bangiso mhlabeni,yoruba
king romeo,yoruba
datti,hausa
auwalu umar ibrahim,hausa
sunytime,yoruba
datti,hausa
speak with integrity,yoruba
abdul,hausa
soji graphics,hausa
izeze bundo,igbo
gudumbali,hausa
tony zereuwa,igbo
fs,hausa
jae pete,hausa
askthem,hausa
akindeanthony,yoruba
jonathan atsua ikughur,hausa
lulu,hausa
temilade jones,yoruba
bruce uba,hausa
amara george,hausa
chiamaka,igbo
abdussalami yaro,hausa
datti,hausa
orlando da silva,hausa
nura sabo anku,hausa
darlington,hausa
mamman bako,hausa
salele,hausa
john c,hausa
adeola,yoruba
bashkano,hausa
chris,igbo
amara george,hausa
mahmoud t bichi,hausa
chym,igbo
julius joel,igbo
ebahe,hausa
patrick whelan,hausa
musa aliero,hausa
deji oyeleye ,yoruba
tony,hausa
jady,hausa
ayara ayara ,hausa
gani,hausa
izeze bundo,igbo
j. ayefu,yoruba
bankole jimoh,yoruba
ayodele daramola,yoruba
francis usen,hausa
nigbati ,hausa
brian mcgrath,hausa
mr begy,hausa
promise,yoruba
 igiripa,hausa
osang ewah,yoruba
joel akhator odigie,igbo
kunta,hausa
gtexthome,hausa
brian mcgrath,hausa
woman leader,yoruba
pen,hausa
chika raphael christian,igbo
sai buhari,hausa
strongiant,hausa
the   nation,hausa
pastor successhome,yoruba
ofoedu ifeanyi ,igbo
stvincent,igbo
southerner ,hausa
gebrel john,igbo
ik hammer,hausa
sola oludele,yoruba
ezeakolam,yoruba
clems,hausa
alina,hausa
morgan omodu,yoruba
princesstar,hausa
ubong,hausa
jeleel abas,hausa
karik,hausa
future leads,hausa
patrivk,hausa
maruv,hausa
osaze,hausa
hussein suleiman,hausa
mazi jo,hausa
iteego iteego,igbo
simon jeggi,hausa
agwamba,hausa
taiwo,hausa
victor smart,hausa
alagbede oro,yoruba
adekunle joseph ,yoruba
jamila isah,hausa
isreal bethel,igbo
airunukhoin,yoruba
o'seun ogunseitan,yoruba
cara,hausa
emmachukx,igbo
muhammad kabir,hausa
yande isaac,hausa
mickey,yoruba
ifeanyi,igbo
allie alfred,hausa
ailandaaa,hausa
felixtuyu,hausa
boss,hausa
ainababa,hausa
nijamyhome,yoruba
odeqas,yoruba
yomi bada,hausa
ta,hausa
frank udo,hausa
drdenx,yoruba
dave jacob,hausa
vogue,hausa
abdul karim onu,hausa
wilsamrob wilsamrob,hausa
albert,hausa
ezzy umunnakwe,igbo
jelili alaba,hausa
chimezie,igbo
scimitar,hausa
james,hausa
screwem,yoruba
jarius mela,hausa
doperoyalty,yoruba
susan,hausa
ezekaeze,igbo
omo richard,hausa
 igiripa,hausa
gtexthome,hausa
monday oshoikpor,yoruba
haykins,yoruba
ogbonnna ibeh,igbo
osigwe felix oshioke aka dexxy,igbo
steve,hausa
toyosi olola,yoruba
ofoedu ifeanyi ,igbo
joel akhator odigie,igbo
 ,hausa
uzo don chuma,igbo
kunleteslim,yoruba
mercy ikeji,igbo
htl,hausa
ibrahim bala,hausa
emmanuel anizoba,igbo
engrronaldogunleye,yoruba
rev dr felix  nwosu,igbo
lovenigeria,yoruba
douglas,igbo
omotola enitan,yoruba
sammyteez,hausa
iroud,hausa
solodeji,yoruba
okeoluwa philips,yoruba
',hausa
soa,hausa
neww,hausa
omobabalemomu,yoruba
concerned citizen,igbo
kishimi pascal,yoruba
afolabi jo a,yoruba
kyle,hausa
tobias ajukwaeke,igbo
romanus eze,igbo
famaks,hausa
monti,hausa
august january,hausa
anny,hausa
olat,yoruba
nwaigbo,hausa
george,hausa
ladwande,hausa
bunmiskye,yoruba
franklin arinze,hausa
omooluwa,yoruba
ajiboye,yoruba
yohana vandi,hausa
salihu,hausa
otile ,hausa
andrew,yoruba
jyde,hausa
bigboy,yoruba
aloysius noah,yoruba
kunle akogun,yoruba
iyke mordi,hausa
hareel,hausa
dodo,hausa
galaxy,hausa
theeye,hausa
oluwabash,yoruba
zico,hausa
nnamdi nwachuku,igbo
bela ekpoh,hausa
tonye okoro,igbo
john agbo,igbo
aayaro,hausa
jideofor madu,igbo
etta vincent osang,igbo
hudson akpama,igbo
johnetson,igbo
realist,hausa
tess,hausa
meme,igbo
medview airline,hausa
mi,hausa
aliminco,hausa
c,hausa
bob kelly,hausa
sanni oiza,hausa
elizabeth,hausa
tuby ny,hausa
chinonso,igbo
gebrel john,igbo
airline,hausa
jesse walter,yoruba
onubanotu,hausa
shafkat abodunrin,hausa
idowu bankole,yoruba
vinnce,igbo
nwaigbo,hausa
allie alfred,hausa
george kalu,igbo
gerald okoduwa,hausa
owolewa olusegun resourcecontr,yoruba
jj,hausa
womikunle,yoruba
janethdow,hausa
goodman ,hausa
wole,yoruba
burmese,hausa
ibitayo,yoruba
jobman nwapdp,hausa
vincent ,igbo
david puff,hausa
ny,hausa
mark daniels,hausa
chinenye onungwa,igbo
jazzy,hausa
true talk,hausa
sunday government,igbo
terrybrandynothern.pig,hausa
nike tolulope,yoruba
sol omeki,yoruba
neww,hausa
henry,hausa
nuorah,hausa
bankole jimoh,yoruba
 leola delgadillo,hausa
adedamola d joe emmanuel,igbo
izi,hausa
southerner ,hausa
johnson william,igbo
ainababa,hausa
stephen,igbo
mcalfred uta,hausa
"abubakar, a",hausa
jo elue,igbo
kemi,yoruba
haykins,yoruba
badung joshua,yoruba
aare,hausa
citizen ola,yoruba
oneosunboi,yoruba
ahmed ahmad,hausa
okocha nelson obinna,igbo
ibitayo,yoruba
felixtuyu,hausa
fineboy,hausa
muhammad kabir,hausa
wiser,hausa
igwe daniel nnanna,igbo
anish abraham,hausa
helping hands,hausa
kwoy,yoruba
kent,igbo
scimitar,hausa
benny,igbo
honsyl global group uk,yoruba
seeker,yoruba
akin ,yoruba
victor leke olaleye,yoruba
dan minister,hausa
joy tunde,yoruba
olak,yoruba
kebrashyte,yoruba
cynthia samuel,hausa
saint,hausa
oladunjoye olagoke oluwashola,yoruba
olumide,yoruba
kofi mensah,hausa
taylorlist,yoruba
babsckorrey babsckorrey,yoruba
deji fadina,hausa
penreo,yoruba
sykofij,hausa
cj,hausa
christmas,igbo
screen page,yoruba
randomart.lover,hausa
franknbhgg,hausa
riltin,hausa
"fola, ade",yoruba
soj,hausa
goodness,hausa
ezekiel okeke,igbo
akoredele,yoruba
swampy,hausa
osiri ume,hausa
helen micheals,igbo
naija lolade,yoruba
arewethishopeless,yoruba
olanrewaju olubayo onanuga,yoruba
mno,hausa
john george ,igbo
yousef travel and tour,hausa
the sceptre,hausa
more,yoruba
femi johnson,igbo
onyi,hausa
austine,hausa
godfrey etokebe,igbo
carmine polito,yoruba
raphael ayodele,yoruba
engr akunna kenny,igbo
mohammed bukar,hausa
okiki,yoruba
ijawboy,yoruba
truth make a nation,igbo
tawanda incommunicado,hausa
dasdas,hausa
martins ,hausa
sir k,hausa
william king,hausa
goldlogickarma,hausa
odeyemi olusoji,yoruba
bishop bishop,yoruba
ajagambari,hausa
john faloye,yoruba
hamza salihu haruna,hausa
gold head,yoruba
yoobaponbele,yoruba
franco decelis,igbo
modupe,yoruba
ochon,igbo
babatunde aina,hausa
babstee,hausa
sj,hausa
serious,hausa
olatunde omotowon,yoruba
oluwadamiloju grace,yoruba
magen david,hausa
snowball,hausa
aypoint blank,yoruba
almoner,hausa
samaila,hausa
askthem,hausa
olawale michael,yoruba
unity igho,yoruba
du,hausa
the optimist ,hausa
wow,yoruba
muhammed munir abdulai,hausa
ocpeace,hausa
easyman,hausa
ahmadu w. atakpo,hausa
gidiboy,hausa
offiong james oyeekam,igbo
imma okochua,igbo
adisa.w.,hausa
chimezie bob,igbo
simon alewa,yoruba
opy,hausa
darlington chukwuemeka ani,igbo
joe ezenwa,igbo
braun,hausa
ardo abdullahi hazzad,hausa
josvinco,yoruba
andrew akinloye,yoruba
meb,hausa
omo ti koniya,hausa
icedamiller,hausa
oluwaseyi sunday,yoruba
okon ruth,hausa
joe frank,igbo
al ,hausa
hallowed olu,hausa
leke,hausa
sufyaan surfix awwal,hausa
sufyaan surfix awwal,hausa
luvnaija,hausa
christin baumgarten,hausa
octagon,hausa
alabi femi,yoruba
ibrahim maikaba,hausa
goodyman,hausa
lexis,hausa
olaniyi ayeni,yoruba
seni,yoruba
sbiola,yoruba
yemi olajide,yoruba
chinwe paul,igbo
anomity,yoruba
adedoyin austin ,yoruba
olayemi,yoruba
okush ,hausa
imamuddin sani,hausa
odebode ayoade,yoruba
khalil,hausa
isle of peace,igbo
ololajulo,yoruba
gabriel,hausa
truthbesaid,hausa
dangotcmnt,hausa
auta,hausa
rdokoye,yoruba
mr monday esabu,hausa
alabasta,hausa
philip ray hudson,igbo
jujuman,hausa
clement omiwale,yoruba
e.tariah,hausa
hamuo,hausa
libral mind,hausa
kenneth ,igbo
patrick chukwuebuka denehy,igbo
compiler,yoruba
deji kalejaiye ,yoruba
iseoluwa omolaja abiodunjohns,yoruba
astrobuff,hausa
mentus ,hausa
fantasy korokoro,yoruba
otunba.,hausa
femi ajibola,yoruba
chriso,igbo
jacob ajayi,yoruba
ore,yoruba
atif shahab qureshi,hausa
nurudeen yusuf,hausa
jude chukwudi,igbo
kabiyecee,yoruba
justice and truth,hausa
fasanu oladotun,yoruba
aremiju,yoruba
chinweike anugwolu,igbo
james bedrock ,igbo
sonny igb xfiles,igbo
de rich wizard,hausa
nnomson,igbo
umar ardo,hausa
nnamdi nwachuku,igbo
truth forever,yoruba
pauladeyemo,yoruba
john oputa,hausa
william king,hausa
yomi,yoruba
bukola olutayo,yoruba
sanusi garphar gbenga,hausa
lukman,hausa
glowreeyah pedro,yoruba
cutting edge,hausa
fayol,yoruba
ololajulo,yoruba
tony ochela,igbo
kenraj mill,yoruba
dguy,hausa
olayinka,yoruba
fidelisechotmail.com,igbo
durotimi oye,yoruba
envoycolin,yoruba
fuzzylogic,hausa
omo,hausa
dick fosa,hausa
bankole kazeem ogunnowo,yoruba
uwe,hausa
olawuyi tajudeen,yoruba
john,hausa
adebayo oluwafemi,yoruba
dubya,hausa
abdulmumeen,hausa
nwodom kingsley,yoruba
bimas,hausa
osayande ceewhy igbinedion,yoruba
temitope,yoruba
casmir okoligwe,igbo
dangote cement factory,igbo
fabby ,hausa
akeem oladitan,yoruba
safe ja,hausa
asherdele,yoruba
simonibekwe,igbo
say it clearly,hausa
omo ilorin,yoruba
kennedy nic,igbo
olufemi ,yoruba
david okpewho,igbo
ami,hausa
wisdom inteligent,igbo
jpas,yoruba
grayxme,hausa
my headgame,hausa
james francis,igbo
dangote cement promo,igbo
zenith ,yoruba
zionist,igbo
merit brown,hausa
ollson,yoruba
mike king,yoruba
omoboy,yoruba
tunde ogunwusi,yoruba
taofeek bankole,yoruba
joe,hausa
oladele omobaoni,yoruba
joshua dam dam,hausa
okolo ojodale,yoruba
riltin,hausa
upis,hausa
troy,hausa
azinta ugah,hausa
fredodo,yoruba
jonathan hill,hausa
nua,hausa
mallam salisu,hausa
nwodom kingsley,yoruba
niyo,yoruba
judith ,hausa
kolawole obafemi,yoruba
johnnov m,igbo
kingdomherald,yoruba
rony,hausa
marci feltes,hausa
prince adu tokyo,igbo
blow fissh,hausa
reawakener,igbo
