okodilindidi,yoruba
rwanda,hausa
scannell,hausa
nzemeke,yoruba
jibuze,yoruba
vardi,hausa
uyoatta,yoruba
ezidimma,igbo
emmanue,hausa
burrell,yoruba
futa,yoruba
williams,igbo
saidu,yoruba
issac,hausa
igwe,yoruba
kazeemibrahym,yoruba
shettima,hausa
ofikhehua,hausa
arkwright,hausa
eze,yoruba
abubakar,hausa
briefs,yoruba
azzan,yoruba
uguru,yoruba
kazeem,igbo
arts,yoruba
awka,yoruba
harout,yoruba
unchendu,igbo
musawa,hausa
david,yoruba
davids,yoruba
obinna,yoruba
yishau,yoruba
nwaka,yoruba
mail,hausa
obuma,yoruba
emmanuel,igbo
emmanuel.,igbo
ndidr,yoruba
azania,hausa
iheaka,yoruba
ibrayhm,yoruba
lar,yoruba
yaqub,yoruba
ochigbo,yoruba
sani,yoruba
duru,yoruba
muthada,yoruba
okorie,igbo
ogwuche,yoruba
elekwa,yoruba
calabar,yoruba
michael,yoruba
okhakume,hausa
attiah,yoruba
our,yoruba
kwankwaso,yoruba
govt,yoruba
ruqayat,yoruba
dikwoha,yoruba
gaya,hausa
matthew,hausa
clement,yoruba
ikhaghe,yoruba
jibuez,igbo
may,yoruba
kaduna,yoruba
manyam,hausa
sharang,hausa
ibekwe,yoruba
magu,yoruba
suleiiman,hausa
emedike,yoruba
raphael,hausa
zelizer,igbo
ebuka,yoruba
tuggar,hausa
athekame,yoruba
abbas,hausa
aghaeze,igbo
asaba,yoruba
unamka,yoruba
inec,hausa
zikrullah,hausa
azeez,yoruba
manya,hausa
chijioke,igbo
all,hausa
igp,yoruba
ige,yoruba
santuraki,yoruba
anaekwe,yoruba
kalu,yoruba
mayaki,yoruba
emefiele,yoruba
erumaka,yoruba
okezie,yoruba
dati,yoruba
saidat,yoruba
chijoke,igbo
saka,hausa
aminuyusuf,yoruba
ukah,yoruba
coffiegyamfi,yoruba
matthewdaniel,hausa
ighakpe,yoruba
uduka,hausa
ughelli,hausa
onyewuchi,igbo
uzoukwu,igbo
wlliams,hausa
onochue,yoruba
williams.,igbo
williams,igbo
neme,yoruba
igandandada,yoruba
nabarro,yoruba
igwe,yoruba
shettima,hausa
nkwocha,hausa
arkwright,hausa
marrakech,igbo
datti,yoruba
eze,yoruba
bbc,hausa
abubakar,hausa
french,yoruba
ezeohagwu,igbo
awka.,yoruba
awka,yoruba
edozien,igbo
ankak,hausa
jama,hausa
ezeh,yoruba
tao,hausa
habeeb,hausa
davids,yoruba
sharif,yoruba
clark,hausa
uzoatu,yoruba
isa,hausa
hamdok,hausa
azuh,hausa
nwaka,yoruba
ganiyusuf,hausa
akhine,yoruba
nwnnekanma,yoruba
naqn,yoruba
nwakaya,yoruba
emmanuel,igbo
waive,hausa
ndukwe,igbo
nzeh,yoruba
okocha,yoruba
wiliams,yoruba
ahmad,hausa
yaqub,yoruba
amagada,igbo
akam,yoruba
uche,igbo
nzelu,hausa
nwaozuzu,yoruba
darah,yoruba
ikenna,igbo
sani,yoruba
tichareva,yoruba
nzelua,yoruba
okhae,hausa
nkuma,hausa
ohwahwa,hausa
nzagwu,yoruba
olisemeka,igbo
onwueme,yoruba
ezukanma,igbo
calabar,yoruba
maka'ilu,yoruba
michael,yoruba
nga,hausa
ajatta,yoruba
saviour,yoruba
henshaw,yoruba
ezuka,igbo
beaufils,hausa
maduako,hausa
otaru,yoruba
madueke,yoruba
swam,yoruba
alozie,yoruba
nwanneknma,yoruba
uwa,yoruba
gurmendi,yoruba
kamba,igbo
abudah,yoruba
nwandu,yoruba
echeta,igbo
alemmaozioruvaaliu,igbo
kastina,yoruba
egya,yoruba
ramadan,igbo
maihaja,yoruba
nainna,yoruba
charles,yoruba
ukoha,hausa
alkhalili,hausa
murai,yoruba
mujtaba,yoruba
illah,yoruba
ndahi,yoruba
sule,yoruba
maina,yoruba
coulibaly,hausa
kurfi,hausa
malami,hausa
kofarsauri,yoruba
agha,hausa
zannah,igbo
tsakuwa,hausa
uduka,hausa
ngobuadavid,yoruba
onyewuchi,igbo
ozovehe,yoruba
williams,igbo
udokhai,hausa
cheng,igbo
saidu,yoruba
dagaci,yoruba
aisha,hausa
bagudu,yoruba
bulus,yoruba
yahayajoe,yoruba
nduka,yoruba
amada,igbo
auwalu,yoruba
shettima,hausa
sharada,yoruba
karshi,yoruba
mago,yoruba
arkwright,hausa
belloabdulazeezdailytrust.com,hausa
datti,yoruba
paul,yoruba
eze,yoruba
bbc,hausa
siman,hausa
abdulkarim,yoruba
abubakar,hausa
uthman,yoruba
chellaney,hausa
libertydgreatgmail.com,igbo
kazeem,igbo
awka,yoruba
isae,hausa
dimas,hausa
afaha,yoruba
mccarthy,hausa
habeeb,hausa
dahiru,hausa
ashaka,yoruba
jibril,yoruba
damagum,yoruba
musawa,hausa
uzoaru,yoruba
david,yoruba
ezekiel,igbo
shariff,yoruba
sharif,yoruba
sawab,hausa
mansur,hausa
islam,hausa
bugaje,yoruba
isa,hausa
igidi,hausa
wada,hausa
macleva,hausa
uwais,yoruba
borchardt,hausa
halilu,hausa
nyako,hausa
halad,yoruba
azare,yoruba
emmanuel,igbo
burra,yoruba
mutharika,yoruba
shalangwa,hausa
ndukwe,igbo
trust,yoruba
danwata,yoruba
ishaya,hausa
okocha,yoruba
w.ahmad,hausa
ahmad,hausa
suwaid,yoruba
balami,yoruba
kamardeenismaildailytrust.com,hausa
zanna,yoruba
azige,yoruba
pine,yoruba
yaya,hausa
ahmadadamugmail.com,igbo
